{
  "$schema": "https://schema.management.azure.com/schemas/2015-01-01/deploymentTemplate.json#",
  "contentVersion": "1.0.0.0",
  "parameters": {
    "acrName": {
      "type": "string",
      "minLength": 5,
      "maxLength": 50,
      "metadata": {
        "description": "Name of your Azure Container Registry"
      }
    },
    "acrAdminUserEnabled": {
      "type": "bool",
      "defaultValue": true,
      "metadata": {
        "description": "Enable admin user that have push / pull permission to the registry."
      }
    },
    "location": {
      "type": "string",
      "defaultValue": "[resourceGroup().location]",
      "metadata": {
        "description": "Location for all resources."
      }
    },
    "acrSku": {
      "type": "string",
      "metadata": {
        "description": "Tier of your Azure Container Registry."
      },
      "defaultValue": "Basic"
    }
  },
  "resources": [
    {
      "name": "[parameters('acrName')]",
      "type": "Microsoft.ContainerRegistry/registries",
      "apiVersion": "2017-10-01",
      "location": "[parameters('location')]",
      "comments": "Container registry for storing docker images",
      "tags": {
        "displayName": "Container Registry",
        "container.registry": "[parameters('acrName')]"
      },
      "sku": {
        "name": "[parameters('acrSku')]",
        "tier": "[parameters('acrSku')]"
      },
      "properties": {
        "adminUserEnabled": "[parameters('acrAdminUserEnabled')]"
      }
    }
  ],
  "outputs": {
    "acrLoginServer": {
      "value": "[reference(resourceId('Microsoft.ContainerRegistry/registries',parameters('acrName')),'2017-10-01').loginServer]",
      "type": "string"
    }
  }
}