{
    "$schema": "https://schema.management.azure.com/schemas/2015-01-01/deploymentParameters.json#",
    "contentVersion": "1.0.0.0",
    "parameters": {
        "location": {
            "value": ""
        },
        "networkInterfaceName": {
            "value": ""
        },
        "subnetName": {
            "value": ""
        },
        "virtualNetworkId": {
            "value": ""
        },
        "publicIpAddressName": {
            "value": ""
        },
        "publicIpAddressType": {
            "value": ""
        },
        "publicIpAddressSku": {
            "value": ""
        },
        "virtualMachineName": {
            "value": ""
        },
        "virtualMachineRG": {
            "value": ""
        },
        "osDiskType": {
            "value": ""
        },
        "virtualMachineSize": {
            "value": ""
        },
        "adminUsername": {
            "value": ""
        },
        "adminPublicKey": {
            "value": null
        },
        "diagnosticsStorageAccountName": {
            "value": ""
        },
        "diagnosticsStorageAccountId": {
            "value": ""
        }
    }
}