{
    "$schema": "https://schema.management.azure.com/schemas/2015-01-01/deploymentParameters.json#",
    "contentVersion": "1.0.0.0",
    "parameters": {
        "location": {
            "value": "southeastasia"
        },
        "storageAccountName": {
            "value": ""
        },
        "accountType": {
            "value": ""
        },
        "kind": {
            "value": ""
        },
        "accessTier": {
            "value": ""
        },
        "supportsHttpsTrafficOnly": {
            "value": true
        },
        "largeFileSharesState": {
            "value": ""
        }
    }
}