{
    "$schema": "https://schema.management.azure.com/schemas/2015-01-01/deploymentParameters.json#",
    "contentVersion": "1.0.0.0",
    "parameters": {
        "k8sClusterName": {
            "value": "gitanjali-k8s-cluster"
        },
		"location": {
            "value": "SouthIndia"
        },
		"kubernetesVersion": {
            "value": "1.15.7"
        },
		"dnsPrefix": {
            "value": "gitanjli-ks-dns"
        },
		"lxnodepoolname": {
            "value": "nplinux"
        },
		"lxosDiskSizeGB": {
            "value": 100
        },
		"lxagentCount": {
            "value": 2
        },
		"lxagentVMSize": {
            "value": "Standard_DS2_v2"
        },
		"windowsnodepoolname": {
            "value": "npwin"
        },
		"winosDiskSizeGB": {
            "value": 100
        },
		"winagentCount": {
            "value": 1
        },
		"winagentVMSize": {
            "value": "Standard_D2s_v3"
        },
		"servicePrincipalClientId": {
            "value": "044b84e6-3704-40a2-8a02-afacf3e0fdb6"
        },
		"servicePrincipalClientSecret": {
            "value": "?x8/l0A@7h:ySLJC8ktzByDJxhbJOhR-"
        },
		"networkPlugin": {
            "value": "azure"
        },
		"enableOmsAgent": {
            "value": true
        },
        "workspaces_defaultworkspace_1bc4c5e7_0005_491a_85d1_ad85afd504d1_cin_externalid": {
            "value": "/subscriptions/1bc4c5e7-0005-491a-85d1-ad85afd504d1/resourceGroups/defaultresourcegroup-cin/providers/microsoft.operationalinsights/workspaces/defaultworkspace-1bc4c5e7-0005-491a-85d1-ad85afd504d1-cin"
        },
        "publicIPAddresses_8d7729c6_5bcc_4a38_8821_33ea1d4628e9_externalid": {
            "value": "/subscriptions/1bc4c5e7-0005-491a-85d1-ad85afd504d1/resourceGroups/MC_Gitanjali-CTG-Devops_myAKSCluster_southindia/providers/Microsoft.Network/publicIPAddresses/8d7729c6-5bcc-4a38-8821-33ea1d4628e9"
        }
	
    }
}